{"cameraMode":{"drawMode":0,"name":"Shaded","section":"Shading Mode"},"sceneLighting":true,"audioPlay":false,"sceneViewState":{"showFog":true,"showMaterialUpdate":false,"showSkybox":true,"showFlares":true,"showImageEffects":true,"showParticleSystems":true},"in2DMode":false,"pivot":{"x":-2.5567827224731447,"y":6.450211524963379,"z":3.939375400543213},"rotation":{"x":0.0009463973110541701,"y":0.942446231842041,"z":-0.3345545828342438,"w":0.0028182531241327526},"size":11.82913589477539,"orthographic":false}